I7042,OlaldeNature2018,Hungary_MN,Szigetszentmiklos-Udulosor,Hungary,47.429954,19.051966,I2a_Y,I2a1a1b1b_Y,H_mt,H_mt,4239,4046,4142.5
I7554,OlaldeNature2018,Scotland_N,Scotland_Orkney_Unstan_Chamber_Tomb,Great_Britain,58.9863,-3.249,I2a_Y,I2a1a2a_Y,J1c_mt,J1c9_mt,3368,3102,3235
Bon001,KilincCurrentBiology2016,Turkey_Boncuklu_N,Boncuklu,Turkey,37.75191,32.864901,G2a_Y,G2a2b2b1a1_Y,U3_mt,U3_mt,8212,7952,8082
Bon004,KilincCurrentBiology2016,Turkey_Boncuklu_N,Boncuklu,Turkey,37.75191,32.864901,G2a_Y,G2a2b_Y,N1a_mt,N1a1a1_mt,8300,7950,8125
Tep003,KilincCurrentBiology2016,Turkey_TepecikCiftlik_N,Tepecik_Ciftlik,Turkey,38.172218,34.49387,G2a_Y,G2a2a_Y,N1b_mt,N1b1a_mt,6570,6422,6496
Tep006,KilincCurrentBiology2016,Turkey_TepecikCiftlik_N,Tepecik_Ciftlik,Turkey,38.172218,34.49387,C1a_Y,C1a2b_Y,N1a_mt,N1a1a1_mt,6223,6072,6147.5
Bar31,HofmanovaPNAS2016,Turkey_N,Northwest_Anatolia_Marmara_Barcın,Turkey,40.3037,29.6085,G2a_Y,G2a2b_Y,X2m_mt,X2m_mt,6417,6236,6326.5
Klei10,HofmanovaPNAS2016,Greece_LN_2,Kleitos,Greece,40.4317,21.8588,G2a_Y,G2a2a1a2b_Y,K1a_mt,K1a2_mt,4446,4351,4398.5
LON003_LON004,MarcusNatureCommunications2020,Italy_Sardinia_N,Seulo_CA_Grutta_I_de_Longu_Fresu,Italy,39.87,9.2356,G2a_Y,G2a2b2a_Y,K1a_mt,K1a2a_mt,4442,4252,4347
I2634,OlaldeNature2018,Scotland_N,Scotland_Tulach_an_tSionnach,Great_Britain,58.54,-3.598,I2a_Y,I2a1a2_Y,U2+_mt,U2+152_mt,3707,3528,3617.5
I1102,MathiesonNature2015,Turkey_N,Northwest_Anatolia_Marmara_Barcın,Turkey,40.3037,29.57,C1a_Y,C1a2b_Y,K1a_mt,K1a3a_mt,6500,6200,6350
I1099,MathiesonNature2015,Turkey_N,Northwest_Anatolia_Marmara_Barcın,Turkey,40.3037,29.57,G2a_Y,G2a2a1a2_Y,T2b_mt,T2b_mt,6500,6200,6350
I1103,MathiesonNature2015,Turkey_N,Northwest_Anatolia_Marmara_Barcın,Turkey,40.3037,29.57,G2a_Y,G2a2a1a2a_Y,K1b_mt,K1b1b1_mt,6500,6200,6350
I1101,MathiesonNature2015,Turkey_N,Northwest_Anatolia_Marmara_Barcın,Turkey,40.3037,29.57,H2_Y,H2_Y,T2b_mt,T2b_mt,6500,6200,6350
I1097,MathiesonNature2015,Turkey_N,Northwest_Anatolia_Marmara_Barcın,Turkey,40.3037,29.57,G2a_Y,G2a2b2a3_Y,W1+_mt,W1+119_mt,6420,6245,6332.5
I0744,MathiesonNature2015,Turkey_N,Northwest_Anatolia_Marmara_Barcın,Turkey,40.3037,29.57,G2a_Y,G2a2b2a_Y,J1c_mt,J1c11_mt,6400,6239,6319.5
I1096,MathiesonNature2015,Turkey_N,Northwest_Anatolia_Marmara_Barcın,Turkey,40.3037,29.57,I2a_Y,I2a2_Y,N1a_mt,N1a1a1_mt,6500,6200,6350
I0708,MathiesonNature2015,Turkey_N,Northwest_Anatolia_Marmara_Barcın,Turkey,40.3037,29.57,J2a_Y,J2a1_Y,N1b_mt,N1b1a_mt,6224,6074,6149
I0745,MathiesonNature2015,Turkey_N,Northwest_Anatolia_Marmara_Barcın,Turkey,40.3037,29.57,H2a_Y,H2a1_Y,U8b_mt,U8b1b1_mt,6387,6111,6249
I0746,MathiesonNature2015,Turkey_N,Northwest_Anatolia_Marmara_Barcın,Turkey,40.3037,29.57,G2a_Y,G2a2b2a1a1c_Y,K1a_mt,K1a_mt,6070,5888,5979
I0709,MathiesonNature2015,Turkey_N,Northwest_Anatolia_Marmara_Barcın,Turkey,40.3037,29.57,H2a_Y,H2a1_Y,U3_mt,U3_mt,6223,6034,6128.5
I0633,MathiesonNature2018,Serbia_EN,Vojvodina_Hrtkovci_Gomolova,Serbia,44.9,19.75,G2a_Y,G2a2a_Y,HV+_mt,HV+16311_mt,5610,5376,5493
I0634,MathiesonNature2018,Serbia_EN,Vojvodina_Hrtkovci_Gomolova,Serbia,44.9,19.75,G2a_Y,G2a2a1a_Y,K1a_mt,K1a4_mt,4712,4502,4607
I1131,MathiesonNature2018,Serbia_EN,Vojvodina_Hrtkovci_Gomolova,Serbia,44.9,19.75,G2a_Y,G2a2a1a_Y,H_mt,H_mt,4653,4452,4552.5
I1495,MathiesonNature2015_capture_of_same_sample_shotgunned_in_Gamba2014,Hungary_LN_Lengyel,Apc-Berekalya_I,Hungary,47.167,19.833,I2a_Y,I2a1a1b1_Y,N1a_mt,N1a1a1a_mt,4496,4353,4424.5
I1507,MathiesonNature2015_capture_of_same_sample_shotgunned_in_Gamba2014,Hungary_EN_HG_Koros,Tiszaszolos-Domahaza,Hungary,47.93,21.2,I2a_Y,I2a1a1b1b_Y,R1b_mt,R1b1_mt,5788,5640,5714
I1496,MathiesonNature2015_capture_of_same_sample_shotgunned_in_Gamba2014,Hungary_MN_LBK,Apc-Berekalya_I,Hungary,47.167,19.833,C1a_Y,C1a2b_Y,K1a_mt,K1a3a3_mt,5211,4958,5084.5
I1734,MathiesonNature2018,Ukraine_N,Vasilevka,Ukraine,47.434167,35.276389,R1b_Y,R1b1b_Y,U5b_mt,U5b2_mt,7451,7056,7253.5
I1738,MathiesonNature2018,Ukraine_N,Vovnigi,Ukraine,48.133333,35.083333,I2a_Y,I2a1b1a2a_Y,U5a_mt,U5a2+16294_mt,5475,5320,5397.5
Ajvide58,SkoglundScience2014,Sweden_PWC,Gotland_Stora_Karlso,Sweden,57.287,18.206,I2a_Y,I2a1a1b1_Y,U4_mt,U4_mt,2900,2600,2750
I0867,LazaridisNature2016,Israel_PPNB,Motza,Israel,31.79,35.168,H2b_Y,H2b1_Y,K1a_mt,K1a4b_mt,7300,6200,6750
I0172,MathiesonNature2015_1240k_of_same_same_sample_with_390k_in_HaakLazaridis2015,Germany_MN_Esperstedt,Esperstedt,Germany,51.42,11.68,I2a_Y,I2a1a2a1a1_Y,T2b_mt,T2b_mt,3363,3029,3196
I0412,MathiesonNature2015_1240k_of_same_same_sample_with_390k_in_HaakLazaridis2015,Spain_EN,Els_Trocs,Spain,42.5,0.5,I2a_Y,I2a1a2a1b_Y,N1a_mt,N1a1a1_mt,5309,5073,5191
I0406,MathiesonNature2015_1240k_of_same_same_sample_with_390k_in_HaakLazaridis2015,Spain_MLN,La_Mina,Spain,41.2522,-2.32622,I2a_Y,I2a1b1a2b_Y,H1_mt,H1_mt,3900,3600,3750
I0410,MathiesonNature2015_1240k_of_same_same_sample_with_390k_in_HaakLazaridis2015,Spain_EN,Els_Trocs,Spain,42.5,0.5,R1b_Y,R1b1b2a_Y,T2c_mt,T2c1d+152_mt,5298,5057,5177.5
I1904,LipsonNature2017,Hungary_MN_LBK,Bataszek-Lajver,Hungary,46.20487,18.7004,G2a_Y,G2a2a1_Y,K1b_mt,K1b1a_mt,5209,4941,5075
I1593,LipsonNature2017,Germany_Blatterhohle_MN,Blatterhole_Cave,Germany,51.358333,7.551111,R1b_Y,R1b1b_Y,U5b_mt,U5b2a2_mt,3644,3528,3586
I1565,LipsonNature2017,Germany_Blatterhohle_MN,Blatterhole_Cave,Germany,51.358333,7.551111,I2a_Y,I2a1a1b1b_Y,U5b_mt,U5b2b2_mt,3725,3655,3690
I2354,LipsonNature2017,Hungary_EarlyC_Tiszapolgar,Pusztataskony-Ledence_I,Hungary,47.45925,20.51282,G2a_Y,G2a2b2a1a1c1a_Y,T2c_mt,T2c1+146_mt,4500,4000,4250
I2376,LipsonNature2017,Hungary_MN_ALPc_Tiszadob,Tiszadob-O-Kenez,Hungary,48.00363,21.17651,H2_Y,H2_Y,HV0_mt,HV0a_mt,5300,4900,5100
I2377,LipsonNature2017,Hungary_MN_ALPc_Tiszadob,Tiszadob-O-Kenez,Hungary,48.00363,21.17651,I2a_Y,I2a1b1_Y,J1c_mt,J1c2_mt,5210,4935,5072.5
I2379,LipsonNature2017,Hungary_MN_ALPc_Tiszadob,Hejokrt-Lidl_logisztikai_kozpont,Hungary,47.86071,21.00058,I2a_Y,I2a1b1_Y,N1a_mt,N1a1a1_mt,5209,4855,5032
I1877,LipsonNature2017,Hungary_EN_Starcevo,Alsonyek-Bataszek_Mernoki_telep,Hungary,46.208562,18.700047,G2a_Y,G2a2b2b_Y,X2d_mt,X2d_mt,5713,5556,5634.5
I3498,MathiesonNature2018,Croatia_MN_Sopot,Beli_Manastir-Popova_zemlja,Croatia,45.338767,18.698861,C1a_Y,C1a2b_Y,U8b_mt,U8b1b1_mt,5834,5656,5745
I2977,OlaldeNature2018,Scotland_N,Scotland_Orkney_Isbister,Great_Britain,58.74,-2.916,I2a_Y,I2a1b2_Y,H1_mt,H1_mt,3010,2708,2859
I2978,OlaldeNature2018,Scotland_N,Scotland_Orkney_Isbister,Great_Britain,58.74,-2.916,I2a_Y,I2a1a2a_Y,K1b_mt,K1b1a1_mt,3336,3024,3180
I3133,OlaldeNature2018,Scotland_N,Scotland_Argyll_and_Bute_Oban_Raschoille_Cave,Great_Britain,56.4033333,-5.478056,I2a_Y,I2a1a2a_Y,K1a_mt,K1a+195_mt,3627,3377,3502
I2979,OlaldeNature2018,Scotland_N,Scotland_Orkney_Isbister,Great_Britain,58.74,-2.916,I2a_Y,I2a1a2a_Y,K1a_mt,K1a+195_mt,3334,2935,3134.5
I3134,OlaldeNature2018,Scotland_N,Scotland_Argyll_and_Bute_Oban_Raschoille_Cave,Great_Britain,56.4033333,-5.478056,I2a_Y,I2a1b1a1a1b_Y,T2+_mt,T2+16189_mt,3630,3377,3503.5
I3135,OlaldeNature2018,Scotland_N,Scotland_Argyll_and_Bute_Oban_Raschoille_Cave,Great_Britain,56.4033333,-5.478056,I2a_Y,I2a1b1a1a1b_Y,U5b_mt,U5b2a_mt,3638,3386,3512
I3715,MathiesonNature2018,Ukraine_N,Volniensky_Vilnianka,Ukraine,47.9543,35.3893,I2a_Y,I2a1b1_Y,U2e_mt,U2e1_mt,5636,5483,5559.5
I3717,MathiesonNature2018,Ukraine_N,Dereivka_I,Ukraine,48.91422,33.76493,I2a_Y,I2a1b1a_Y,U5a_mt,U5a2+16294_mt,5371,5216,5293.5
I4114,MathiesonNature2018,Ukraine_N,Dereivka_I,Ukraine,48.91422,33.76493,R1b_Y,R1b1b_Y,U5a_mt,U5a1_mt,5474,5324,5399
I1887,LipsonNature2017,Hungary_MN_Vinca,Versend-Gilencsa,Hungary,45.5853,18.30771,H2a_Y,H2a1_Y,T2b_mt,T2b*1_mt,5400,5000,5200
I1899,LipsonNature2017,Hungary_LN_Lengyel,Veszprem_Jutasi_ut,Hungary,47.102645,17.912987,C1a_Y,C1a2b_Y,T2b_mt,T2b_mt,4900,4300,4600
I1901,LipsonNature2017,Hungary_LN_Lengyel,Veszprem_Jutasi_ut,Hungary,47.102645,17.912987,G2a_Y,G2a2a_Y,J1c_mt,J1c2_mt,4900,4300,4600
I1903,LipsonNature2017,Hungary_LN_Lengyel,Bataszek-Lajver,Hungary,46.20487,18.7004,H2a_Y,H2a1_Y,T2+_mt,T2+16189_mt,4900,4300,4600
I1906,LipsonNature2017,Hungary_LN_Lengyel,Csabdi-Telizoldes,Hungary,47.51062,18.61693,H2_Y,H2_Y,H_mt,H_mt,4900,4300,4600
I2532,MathiesonNature2018,Romania_EN,Cotatcu,Romania,45.466,27.01,G2a_Y,G2a2b2b_Y,K1a_mt,K1a2_mt,5721,5623,5672
I2630,OlaldeNature2018,Scotland_N,Scotland_Orkney_Isbister,Great_Britain,58.74,-2.916,I2a_Y,I2a1a2a_Y,K1a_mt,K1a4_mt,2618,2461,2539.5
I2631,OlaldeNature2018,Scotland_N,Scotland_Orkney_Quoyness,Great_Britain,59.23,-2.568,I2a_Y,I2a1a2a1a1_Y,H5_mt,H5_mt,3263,2905,3084
I2635,OlaldeNature2018,Scotland_N,Scotland_Tulloch_of_Assery,Great_Britain,58.53,-3.603,I2a_Y,I2a1a2a_Y,U5b_mt,U5b1+16189+@16192_mt,3647,3517,3582
I2637,OlaldeNature2018,Scotland_N,Scotland_Orkney_Holm_of_Papa_Westray_North,Great_Britain,59.35,-2.873,I2a_Y,I2a1a2a_Y,K1b_mt,K1b1a1_mt,3510,3340,3425
I2650,OlaldeNature2018,Scotland_N,Scotland_Orkney_Holm_of_Papa_Westray_North,Great_Britain,59.35,-2.873,I2a_Y,I2a1b1a2b2_Y,T2c_mt,T2c1d1_mt,3500,3360,3430
I2660,OlaldeNature2018,Scotland_N,Scotland_Distillery_Cave,Great_Britain,56.41,-5.471,I2a_Y,I2a1b1a1a1b_Y,W1+_mt,W1+119_mt,3515,3357,3436
I2691,OlaldeNature2018,Scotland_N,Scotland_Distillery_Cave,Great_Britain,56.41,-5.471,I2a_Y,I2a1b1a1a_Y,J1c_mt,J1c1_mt,3710,3632,3671
I2743,LipsonNature2017,Hungary_MN_ALPc_Szakalhat,Cegled_site_4/1,Hungary,47.178841,19.860515,G2a_Y,G2a2b2a_Y,H1a_mt,H1ag_mt,5300,4900,5100
I2744,LipsonNature2017,Hungary_MN_ALPc_Szakalhat,Cegled_site_4/1,Hungary,47.178841,19.860515,G2a_Y,G2a2b2a_Y,J2b_mt,J2b1_mt,5300,4900,5100
I2932,OlaldeNature2018,Scotland_N,Scotland_Orkney_Isbister,Great_Britain,58.74,-2.916,I2a_Y,I2a1a2a_Y,H5_mt,H5_mt,2572,2348,2460
I2933,OlaldeNature2018,Scotland_N,Scotland_Orkney_Isbister,Great_Britain,58.74,-2.916,I2a_Y,I2a1b1a1a1b1_Y,J1c_mt,J1c9_mt,3011,2884,2947.5
I2935,OlaldeNature2018,Scotland_N,Scotland_Orkney_Isbister,Great_Britain,58.74,-2.916,I2a_Y,I2a1a2a_Y,U8b_mt,U8b1b_mt,3336,2939,3137.5
I3041,OlaldeNature2018,Scotland_N,Scotland_Argyll_and_Bute_Oban_Raschoille_Cave,Great_Britain,56.414567,-5.469178,I2a_Y,I2a1b1a1a_Y,K1a_mt,K1a3_mt,3942,3037,3489.5
I4303,OlaldeNature2018,France_MN_1,Clos_de_Roque,France,43.457,5.863,I2a_Y,I2a1a2_Y,H3_mt,H3_mt,4784,4552,4668
I4436,MathiesonNature2018,Latvia_MN_o2,Baden-Wurttemberg,Latvia,56.2833,25.1333,R1b_Y,R1b1a1_Y,U4a_mt,U4a1_mt,4318,4051,4184.5
I4627,MathiesonNature2018,Latvia_MN,Zvejnieki,Latvia,56.2833,25.1333,R1b_Y,R1b1a1_Y,U4a_mt,U4a1_mt,4311,3978,4144.5
I0706,MathiesonNature2018,Bulgaria_N,Veliko_Tarnovo_Dzhulyunitsa,Bulgaria,43.16089,25.88341,C1a_Y,C1a2b_Y,K1a_mt,K1a4b_mt,6025,5847,5936
I4304,OlaldeNature2018,France_MN_1,Clos_de_Roque,France,43.457,5.863,I2a_Y,I2a1a2_Y,T2c_mt,T2c1d+152_mt,4791,4555,4673
I5068,MathiesonNature2018,Austria_EN_LBK,Kleinhadersdorf_Flur_Marchleiten,Austria,48.663197,16.589687,J2a_Y,J2a1_Y,T2b_mt,T2b23_mt,5500,4775,5137.5
I5070,MathiesonNature2018,Austria_EN_LBK,Schletz,Austria,48.579752,16.46931,C1a_Y,C1a2b_Y,K1a_mt,K1a1a_mt,5209,4998,5103.5
I5072,MathiesonNature2018,Croatia_EN_Impressa,Kargadur,Croatia,43.35141,16.461788,G2a_Y,G2a2a1_Y,H7c_mt,H7c_mt,5657,5558,5607.5
I5077,MathiesonNature2018,Croatia_MN_Sopot,Osijek_Hermanov_Vinograd,Croatia,45.55101,18.746617,G2a_Y,G2a2a1_Y,U5a_mt,U5a1c1_mt,5208,4942,5075
I5078,MathiesonNature2018,Croatia_MN_Sopot,Osijek_Hermanov_Vinograd,Croatia,45.55101,18.746617,J2a_Y,J2a1a2b2a2_Y,H10_mt,H10+16093_mt,4699,4545,4622
I4893,OlaldeNature2018,Czech_N,Prague_8_Kobylisy_Ke_Stirce_Street,Czech_Republic,50.1217475,14.4569508,G2a_Y,G2a2a1_Y,U5b_mt,U5b1b_mt,4446,4347,4396.5
I5204,MathiesonNature2018,Austria_EN_LBK,Schletz,Austria,48.579752,16.46931,G2a_Y,G2a2b2a3a_Y,J1c_mt,J1c2_mt,5500,4500,5000
I5875,MathiesonNature2018,Ukraine_N,Dereivka_I,Ukraine,48.91422,33.76493,I2a_Y,I2a1b1a_Y,U4a_mt,U4a1_mt,5295,5053,5174
I5890,MathiesonNature2018,Ukraine_N,Dereivka_I,Ukraine,48.91422,33.76493,R1b_Y,R1b1b_Y,U5a_mt,U5a1_mt,5291,5058,5174.5
I2521,MathiesonNature2018,Bulgaria_N,Veliko_Tarnovo_Dzhulyunitsa,Bulgaria,43.16089,25.88341,G2a_Y,G2a2b2b1a1b1a2_Y,H_mt,H_mt,5621,5481,5551
I5207,MathiesonNature2018,Austria_EN_LBK,Schletz,Austria,48.579752,16.46931,J2a_Y,J2a1_Y,H67_mt,H67_mt,5500,4500,5000
I5359,OlaldeNature2018,Wales_N,Wales_Glamorgan_Tinkinswood,Great_Britain,51.451447,-3.307873,I2a_Y,I2a1b1a1a1_Y,H5_mt,H5_mt,4000,3300,3650
I0698,MathiesonNature2018,Bulgaria_N,Yabalkovo_Dimitrovgrad_Haskovo,Bulgaria,42.1,25.75,G2a_Y,G2a2a1a2a_Y,R0_mt,R0_mt,6000,5900,5950
I4349,NarasimhanPattersonScience2019,Iran_HajjiFiruz_C,Hajji_Firuz,Iran,36.9944,45.4744,J2b_Y,J2b2b1a_Y,U1a_mt,U1a1d*_mt,5891,5720,5805.5
I6750,OlaldeNature2018,England_N,England_Wiltshire_Salisbury_Fussells_Lodge,Great_Britain,51.091224,-1.72751,I2a_Y,I2a1b1_Y,K1a_mt,K1a+195_mt,3800,3600,3700
I6759,OlaldeNature2018,England_N,England_North_Yorkshire_Kelco_Cave_Giggleswick_Scar,Great_Britain,54.0744391,-2.2872841,I2a_Y,I2a1a2a_Y,J1c_mt,J1c1_mt,3641,3526,3583.5
I2606,OlaldeNature2018,England_N,England_Eton_Rowing_Course,Great_Britain,51.49275,-0.665402,I2a_Y,I2a1b1a1a1_Y,K1a_mt,K1a+195_mt,3330,2900,3115
I4241,NarasimhanPattersonScience2019,Iran_HajjiFiruz_C,Hajji_Firuz,Iran,36.9944,45.4744,J2b_Y,J2b2b1a_Y,K1a_mt,K1a3_mt,6021,5891,5956
I3718,MathiesonNature2018,Ukraine_N,Dereivka_I,Ukraine,48.91422,33.76493,R1b_Y,R1b1b_Y,U5a_mt,U5a1_mt,5359,5212,5285.5
I1947,NarasimhanPattersonScience2019,Iran_GanjDareh_N,Ganj_Dareh,Iran,34.45,48.116,R2a_Y,R2a_Y,R2b_mt,R2b_mt,8211,7827,8019
I1954,NarasimhanPattersonScience2019,Iran_GanjDareh_N,Ganj_Dareh,Iran,34.45,48.116,R2a_Y,R2a_Y,R2b_mt,R2b_mt,8295,7976,8135.5
I7602,OlaldeScience2019,Spain_MLN,Mandubi_Zelaia,Spain,43.085823,-2.251197,I2a_Y,I2a1b1_Y,J1c_mt,J1c1_mt,3500,2700,3100
I7603,OlaldeScience2019,Spain_MLN,Mandubi_Zelaia,Spain,43.085823,-2.251197,I2a_Y,I2a1b1_Y,K1a_mt,K1a2b_mt,3500,2700,3100
I7605,OlaldeScience2019,Spain_MLN,Mandubi_Zelaia,Spain,43.085823,-2.251197,I2a_Y,I2a1b1b_Y,H3_mt,H3_mt,3500,2700,3100
I7606,OlaldeScience2019,Spain_MLN,Mandubi_Zelaia,Spain,43.085823,-2.251197,I2a_Y,I2a1b1b1_Y,U5b1_mt,U5b1+16189+@16192_mt,3500,2700,3100
I7604,OlaldeScience2019,Spain_MLN,Mandubi_Zelaia,Spain,43.085823,-2.251197,I2a_Y,I2a1b1_Y,H1a_mt,H1ak_mt,3500,2700,3100
I10277,OlaldeScience2019,Spain_MLN,Barcelona_Cova_de_la_Guineu,Spain,41.4391,1.5733,I2a_Y,I2a1a1a_Y,X2c1_mt,X2c1_mt,3357,3099,3228
I10278,OlaldeScience2019,Spain_MLN,Barcelona_Cova_de_la_Guineu,Spain,41.4391,1.5733,I2a_Y,I2a1a2_Y,U5b_mt,U5b1f1_mt,3357,3099,3228
I10280,OlaldeScience2019,Spain_MLN,Barcelona_Cova_de_la_Guineu,Spain,41.4391,1.5733,G2a_Y,G2a2b2b1a1a_Y,J1c_mt,J1c1_mt,3357,3099,3228
I7598,OlaldeScience2019,Spain_MLN,Alicante_Alcoi_Llometes,Spain,38.7025,-0.48631,G2a_Y,G2a2a_Y,U5b_mt,U5b3_mt,3630,3370,3500
I11305,OlaldeScience2019,Spain_MLN,Barcelona_Cova_de_la_Guineu,Spain,41.4391,1.5733,G2a_Y,G2a2a1a3_Y,J1c_mt,J1c1b_mt,3357,3099,3228
I4064,FernandesNatureEcologyEvolution2020,Italy_Sicily_MN,Sicily_Fossato_di_Stretto_Partana,Italy,37.724,12.916,C1a_Y,C1a2b_Y,H1e_mt,H1e_mt,4841,4711,4776
I11249,OlaldeScience2019,Spain_MLN,Basque_Country,Spain,43.0866,-2.2154,I2a_Y,I2a1b1b_Y,U5b_mt,U5b1_mt,3500,2700,3100
I11248,OlaldeScience2019,Spain_MLN,Basque_Country,Spain,43.0866,-2.2154,I2a_Y,I2a1b1b_Y,J2a_mt,J2a1a1_mt,3500,2700,3100
I16168,FernandesNatureEcologyEvolution2020,Italy_Sardinia_N,Sardinia_Anghelu_Ruju,Italy,40.626667,8.323056,H2c_Y,H2c1a_Y,U5b_mt,U5b2b3_mt,3949,3714,3831.5
I15946,FernandesNatureEcologyEvolution2020,Italy_Sardinia_N,Sardinia_Anghelu_Ruju,Italy,40.626667,8.323056,I2a_Y,I2a1b1a1b_Y,T2c_mt,T2c1d+152_mt,4158,3958,4058
CHA001,VillalbaMoucoCurrentBiology2019,Spain_EN,Cueva_de_Chaves,Spain,42.215129,-0.138457,I2a_Y,I2a1a2_Y,HV0_mt,HV0+195_mt,5308,5051,5179.5
CHA003,VillalbaMoucoCurrentBiology2019,Spain_EN,Cueva_de_Chaves,Spain,42.215129,-0.138457,I2a_Y,I2a1a2_Y,K1a_mt,K1a3a_mt,5302,4991,5146.5
ELT002,VillalbaMoucoCurrentBiology2019,Spain_MLN,Cova_de_Els_Trocs,Spain,42.5,0.5,I2a_Y,I2a1a1a1_Y,J1c_mt,J1c1b_mt,3941,3660,3800.5
ELT006,VillalbaMoucoCurrentBiology2019,Spain_MLN,Cova_de_Els_Trocs,Spain,42.5,0.5,I2a_Y,I2a1a1a1a_Y,U3a_mt,U3a1_mt,3949,3715,3832
FUC003,VillalbaMoucoCurrentBiology2019,Spain_EN,Fuente_Celada,Spain,42.385639,-3.734895,G2a_Y,G2a2a1_Y,X2b_mt,X2b+226_mt,5209,4947,5078
ZKO,FeldmanNatureCommunications2019,Turkey_Central_N,Boncuklu,Turkey,37.75,32.866667,G2a_Y,G2a2b2b1_Y,U3_mt,U3_mt,8300,7600,7950
ZMOJ,FeldmanNatureCommunications2019,Turkey_Central_N,Boncuklu,Turkey,37.75,32.866667,C1a_Y,C1a2b_Y,K1a_mt,K1a_mt,8300,7600,7950
ans008,SanchezQuintoPNAS2019,Sweden_Ansarve_Megalithic,Ansarve,Sweden,57.509,18.14,I2a_Y,I2a1a2a1a1_Y,J1c_mt,J1c5_mt,3342,3031,3186.5
ans014,SanchezQuintoPNAS2019,Sweden_Ansarve_Megalithic,Ansarve,Sweden,57.509,18.14,I2a_Y,I2a1a2a1a1_Y,J1c_mt,J1c5_mt,3336,2937,3136.5
ans016,SanchezQuintoPNAS2019,Sweden_Ansarve_Megalithic,Ansarve,Sweden,57.509,18.14,I2a_Y,I2a1a2a_Y,H7d_mt,H7d_mt,2879,2631,2755
ans017,SanchezQuintoPNAS2019,Sweden_Ansarve_Megalithic,Ansarve,Sweden,57.509,18.14,I2a_Y,I2a1a2a1a1_Y,V_mt,V_mt,3328,2924,3126
lai001,SanchezQuintoPNAS2019,Scotland_Megalithic,Knowe_of_Lairo,Great_Britain,59.053,-2.853,I2a_Y,I2a1a2a2a1a_Y,U5b_mt,U5b2a+@16192_mt,3367,3102,3234.5
mid002,SanchezQuintoPNAS2019,Scotland_Megalithic,Scotland_Midhowe,Great_Britain,59.157,-3.099,I2a_Y,I2a1a2a_Y,H5+_mt,H5+16311_mt,3623,3372,3497.5
CarsingtonPasture3,BraceNatureEcologyEvolution2019,England_N,England_Derbyshire_Brassington_Carsington_Pasture_Cave,Great_Britain,53.079803,-1.640942,I2a_Y,I2a1b1a1a1_Y,T2c_mt,T2c1d1_mt,3648,3528,3588
CarsingtonPasture1,BraceNatureEcologyEvolution2019,England_N,England_Derbyshire_Brassington_Carsington_Pasture_Cave,Great_Britain,53.079803,-1.640942,I2a_Y,I2a1b1a1a1_Y,J1c_mt,J1c1b_mt,3648,3528,3588
Raschoille1,BraceDiekmannNatureEcologyEvolution2019,Scotland_N,Scotland_Argyll_and_Bute_Oban_Raschoille_Cave,Great_Britain,56.414567,-5.469178,I2a_Y,I2a1b1a1a_Y,K1a_mt,K1a3_mt,3942,3037,3489.5
Tinkinswood1,BraceNatureEcologyEvolution2019,Wales_N,Wales_Glamorgan_Tinkinswood,Great_Britain,51.451447,-3.308186,I2a_Y,I2a1b1a1a1_Y,H5_mt,H5_mt,4000,3300,3650
WestKennet1,BraceDiekmannNatureEcologyEvolution2019,England_N_all,England_Wiltshire_Avebury_West_Kennet,Great_Britain,51.243083,-1.51039,I2a_Y,I2a1b1a1a_Y,U5a_mt,U5a2d_mt,3300,2500,2900
Coldrum1,BraceDiekmannNatureEcologyEvolution2019,England_N_all,England_Kent_Trottiscliffe_Coldrum,Great_Britain,51.321578,0.372682,I2a_Y,I2a1b1a1a1_Y,K1a_mt,K1a2b_mt,3730,2980,3355
CaveHa3_1,BraceDiekmannNatureEcologyEvolution2019,England_N_all,England_North_Yorkshire_Ha_Cave_Giggleswick_Scar,Great_Britain,54.074439,-2.287284,I2a_Y,I2a1b1a1a1b1_Y,K1a_mt,K1a2b_mt,3644,3527,3585.5
JubileeCave,BraceDiekmannNatureEcologyEvolution2019,England_N,England_North_Yorkshire_Attermire_Scar_Jubilee_Cave,Great_Britain,54.081683,-2.27362,I2a_Y,I2a1b1a1a1b1_Y,J1c_mt,J1c9_mt,3642,3378,3510
BurnGround,BraceDiekmannNatureEcologyEvolution2019,England_N_all,England_Gloucestershire_Hampnett_Burn_Ground,Great_Britain,51.843407,-1.850443,I2a_Y,I2a1b1a1a1b1_Y,U5b_mt,U5b2a_mt,3946,3710,3828
UpperSwell,BraceNatureEcologyEvolution2019,England_N_all,England_Gloucestershire_Chipping_Norton_Upper_Swell,Great_Britain,51.56105,-1.445923,I2a_Y,I2a1b1a1a1b1_Y,K1a_mt,K1a1b1_mt,4000,3500,3750
I1583,MathiesonNature2015,Turkey_N,Northwest_Anatolia_Marmara_Barcın,Turkey,40.3037,29.57,G2a_Y,G2a2a1a2a_Y,K1a_mt,K1a2_mt,6424,6233,6328.5
I0723,MathiesonNature2015,Turkey_N,Menteşe,Turkey,40.26,29.65,G2a_Y,G2a2a1_Y,X2m_mt,X2m2_mt,6008,5835,5921.5
I2793,LipsonNature2017,Hungary_EarlyC_Tiszapolgar_Bodrogkeresztur,Torokszentmiklós_road_4_site_3,Hungary,47.191612,20.402331,I2a_Y,I2a1b1a2b3_Y,H1b_mt,H1bc_mt,4442,4250,4346
I1905,LipsonNature2017,Hungary_LN_Lengyel,Csabdi-Telizoldes,Hungary,47.51062,18.61693,I2a_Y,I2a_Y,T2b_mt,T2b_mt,4834,4556,4695
I1878,LipsonNature2017,Hungary_EN_Starcevo_1,Alsonyek-Bataszek_Mernoki_telep,Hungary,46.208562,18.700047,H2a_Y,H2a1_Y,T1a_mt,T1a2_mt,5830,5664,5747
I2384,LipsonNature2017,Hungary_MN_ALPc_published,Hajdunanas-Eszlari_ut,Hungary,47.85755,21.43239,I2a_Y,I2a2b_Y,K1a_mt,K1a_mt,5305,5046,5175.5
I1880,LipsonNature2017,Hungary_EN_Starcevo_2,Lanycsak_Gata-Csatola,Hungary,45.993,18.58127,G2a_Y,G2a2b2b1a1_Y,W5_mt,W5_mt,5800,5500,5650
I3719,MathiesonNature2018,Ukraine_N_o2,Dereivka_I,Ukraine,48.91422,33.76493,I2a_Y,I2a1b1_Y,H1_mt,H1_mt,4983,4795,4889
I10287,OlaldeScience2019,Spain_MLN,Barcelona_Cova_de_la_Guineu,Spain,41.4391,1.5733,I2a_Y,I2a1b1b_Y,T2b_mt,T2b3+151_mt,3357,3099,3228
ajv54,MalmstromProcBiolSci2019,Sweden_PWC,Ajvide,Sweden,57.281086,18.169117,I2a_Y,I2a1a1b1_Y,U5b_mt,U5b1d2_mt,3008,2783,2895.5
BERG157-7,BrunelPNAS2020,France_GrandEst_MN,Grand-Est__Bergheim_Saulager,France,43.21817,2.4127,I2a_Y,I2a1a2a_Y,U5b_mt,U5b1c_mt,4319,4050,4184.5
BUCH2,BrunelPNAS2020,France_GrandEst_MN,Grand-Est__Bucheres_PLA_D39,France,48.23569,4.11263,H2a_Y,H2a1_Y,U5b_mt,U5b1+16189+@16192_mt,4400,4200,4300
MDV248,BrunelPNAS2020,France_HautsDeFrance_EN,Hauts-de-France_North_Menneville_Derriere_le_village,France,49.41905,4.00774,H2a_Y,H2a1_Y,K1a_mt,K1a2_mt,5206,4853,5029.5
PER3123,BrunelPNAS2020,France_NouvelleAquitaine_Mesolithic,Nouvelle-Aquitaine_South-West_Agris_Les_Perrats,France,45.77,0.33,I2a_Y,I2a1b2_Y,U5b_mt,U5b1+16189_mt,7200,7000,7100
ROS78,BrunelPNAS2020,France_GrandEst_MN,Grand-Est__Rosheim_Rosheim_Mittelfeld_Rosenmeer,France,48.49666,7.47052,I2a_Y,I2a1a2a_Y,U8b_mt,U8b1b1_mt,4800,4500,4650
ROS102,BrunelPNAS2020,France_GrandEst_MN,Grand-Est_Rosheim_Rosheim_Mittelfeld_Rosenmeer,France,48.49666,7.47052,I2a_Y,I2a1a2a_Y,K1a_mt,K1a1_mt,4789,4607,4698
FLR004,RivollatScienceAdvance2020,France_MN,Calvados_Fleury-sur-Orne,France,49.19,-0.38,H2a_Y,H2a1_Y,K1b_mt,K1b1a_mt,4678,4458,4568
FLR005,RivollatScienceAdvance2020,France_MN,Calvados_Fleury-sur-Orne,France,49.19,-0.38,G2a_Y,G2a2a1_Y,J1c_mt,J1c3c_mt,4444,4262,4353
FLR007,RivollatScienceAdvance2020,France_MN,Calvados_Fleury-sur-Orne,France,49.19,-0.38,G2a_Y,G2a2a1_Y,U5b_mt,U5b1c_mt,4446,4331,4388.5
FLR014,RivollatScienceAdvance2020,France_MN,Calvados_Fleury-sur-Orne,France,49.19,-0.38,H2a_Y,H2a1_Y,K1a_mt,K1a_mt,4546,4368,4457
GRG003,RivollatScienceAdvance2020,France_MN,France_Yonne_Gurgy,France,47.97,3.56,G2a_Y,G2a2b2a1a2_Y,K1a_mt,K1a_mt,5000,4000,4500
GRG008,RivollatScienceAdvance2020,France_MN,France_Yonne_Gurgy,France,47.97,3.56,G2a_Y,G2a2b2a1_Y,U5b_mt,U5b_mt,5000,4000,4500
GRG016,RivollatScienceAdvance2020,France_MN,France_Yonne_Gurgy,France,47.97,3.56,G2a_Y,G2a2b2a1a2_Y,N1a_mt,N1a1a1a_mt,4542,4363,4452.5
GRG021,RivollatScienceAdvance2020,France_MN,France_Yonne_Gurgy,France,47.97,3.56,G2a_Y,G2a2b2a1a2_Y,H2a_mt,H2a2a1_mt,5000,4000,4500
GRG022,RivollatScienceAdvance2020,France_MN,France_Yonne_Gurgy,France,47.97,3.56,H2a_Y,H2a1_Y,K1a_mt,K1a_mt,5000,4000,4500
GRG027,RivollatScienceAdvance2020,France_MN,France_Yonne_Gurgy,France,47.97,3.56,G2a_Y,G2a2b2a1a2_Y,H2a_mt,H2a_mt,4840,4615,4727.5
GRG035,RivollatScienceAdvance2020,France_MN,France_Yonne_Gurgy,France,47.97,3.56,G2a_Y,G2a2b2a1a2_Y,H2a_mt,H2a2a1_mt,5000,4000,4500
GRG041,RivollatScienceAdvance2020,France_MN,France_Yonne_Gurgy,France,47.97,3.56,H2a_Y,H2a1_Y,K1_mt,K1_mt,5000,4000,4500
GRG043,RivollatScienceAdvance2020,France_MN,Yonne_Gurgy,France,47.97,3.56,G2a_Y,G2a2b2a1_Y,H2a_mt,H2a_mt,5000,4000,4500
GRG052,RivollatScienceAdvance2020,France_MN,France_Yonne_Gurgy,France,47.97,3.56,G2a_Y,G2a2b2a_Y,J1c_mt,J1c1_mt,5000,4000,4500
HBS006,RivollatScienceAdvance2020,Germany_EN_LBK,Saxony-Anhalt_Halberstadt,Germany,51.9,11.05,G2a_Y,G2a2b2a1_Y,T2b_mt,T2b_mt,5250,4800,5025
HBS009,RivollatScienceAdvance2020,Germany_EN_LBK,Saxony-Anhalt_Halberstadt,Germany,51.9,11.05,G2a_Y,G2a2b2a1_Y,H27_mt,H27+16093_mt,5250,4800,5025
LBR001,RivollatScienceAdvance2020,France_EN_MN,Alpes-Maritimes_Les_Breguieres,France,43.7,6.99,I2a_Y,I2a1b1a1b_Y,H2a_mt,H2a2_mt,4898,4712,4805
LBR002,RivollatScienceAdvance2020,France_EN_MN,Alpes-Maritimes_Les_Breguieres,France,43.7,6.99,I2a_Y,I2a1b1a1b_Y,U5b_mt,U5b2b3_mt,5209,4905,5057
LBR005,RivollatScienceAdvance2020,France_EN_MN,Alpes-Maritimes_Les_Breguieres,France,43.7,6.99,I2a_Y,I2a1b1_Y,K1a_mt,K1a2_mt,5216,4953,5084.5
OBN006,RivollatScienceAdvance2020,France_MN,Bas-Rhin_Obernai,France,48.46,7.48,C1a_Y,C1a2b_Y,N1a_mt,N1a1a1b_mt,5209,4954,5081.5
OBN007,RivollatScienceAdvance2020,France_MN,Bas-Rhin_Obernai,France,48.46,7.48,I2a_Y,I2a1a2_Y,K_mt,K_mt,4536,4349,4442.5
PEN003,RivollatScienceAdvance2020,France_EN,Alpes-Maritimes_Pendimoun,France,43.81,7.51,I2a_Y,I2a1a2b_Y,J1c_mt,J1c3e_mt,5479,5331,5405
PRI001,RivollatScienceAdvance2020,France_MN,Deux-Sevres_Prisse-la-Charriere,France,46.15,-0.48,I2a_Y,I2a1a2a_Y,X2b_mt,X2b+226_mt,4342,4077,4209.5
SCH016,RivollatScienceAdvance2020,Germany_EN_LBK,Baden-Wurttemberg,Germany,49.39,8.57,C1a_Y,C1a2b_Y,K2a_mt,K2a_mt,5298,5041,5169.5
TGM009,RivollatScienceAdvance2020,Germany_LN,Saxony-Anhalt_Tangermunde,Germany,52.54,11.97,I2a_Y,I2a2a_Y,J1c_mt,J1c2b_mt,3483,3104,3293.5
XN171,RivollatScienceAdvance2020,Germany_EN_LBK,Baden-Wurttemberg,Germany,48.78,9.18,H2a_Y,H2a1_Y,H1_mt,H1_mt,5298,5057,5177.5
ANN1,CassidyNature2020,Ireland_MN,Ireland_Limerick_Annagh,Ireland,52.67641,-8.455326,I2a_Y,I2a1b1a1a1b1_Y,K1a_mt,K1a+195_mt,3637,3191,3414
ANN2,CassidyNature2020,Ireland_MN,Ireland_Limerick_Annagh,Ireland,52.67641,-8.455326,I2a_Y,I2a1b1a1a_Y,H4a_mt,H4a1a1_mt,3707,3378,3542.5
ARD2,CassidyNature2020,Ireland_MN,Ireland_Tipperary_Ardcrony,Ireland,52.934997,-8.154168,I2a_Y,I2a1a2a1a_Y,J2b_mt,J2b1a_mt,3599,3366,3482.5
ASH1,CassidyNature2020,Ireland_MN,Ireland_Tipperary_Ashleypark,Ireland,52.93106,-8.187431,I2a_Y,I2a1b1a1a1b_Y,K2a_mt,K2a9_mt,3640,3380,3510
ASH3,CassidyNature2020,Ireland_EN_MN,Ireland_Tipperary_Ashleypark,Ireland,52.93106,-8.187431,I2a_Y,I2a1a1b1_Y,T2c_mt,T2c1d1_mt,3764,3534,3649
BG72,CassidyNature2020,Ireland_MN,Ireland_Carlow_Baunogenasraid,Ireland,52.807364,-6.823305,H2a_Y,H2a1_Y,K1a_mt,K1a4a1_mt,3633,3377,3505
CH448,CassidyNature2020,Ireland_MN,Ireland_Cavan_Cohaw,Ireland,54.054795,-7.026747,I2a_Y,I2a1a2a1a_Y,H1_mt,H1_mt,3646,3383,3514.5
GNM1007,CassidyNature2020,Ireland_MN,Ireland_Mayo_Glennamong,Ireland,53.9697,-9.632,I2a_Y,I2a1b1a1a1_Y,K1a_mt,K1a+195_mt,3513,3103,3308
GNM1076,CassidyNature2020,Ireland_MN,Ireland_Mayo_Glennamong,Ireland,53.9697,-9.632,I2a_Y,I2a1b1a1a1_Y,H1c_mt,H1c_mt,3366,2935,3150.5
MB6,CassidyNature2020,Ireland_MN,Ireland_Down_Millin_Bay_Keentagh,Ireland,54.363818,-5.486033,I2a_Y,I2a1b1a1a1_Y,J1c_mt,J1c3_mt,3494,3036,3265
PB1327,CassidyNature2020,Ireland_MN,Ireland_Clare_Parknabinnia,Ireland,52.985499,-9.111454,I2a_Y,I2a1b1a1a1b_Y,T2b_mt,T2b3+151_mt,3626,3356,3491
PB186,CassidyNature2020,Ireland_MN,Ireland_Clare_Parknabinnia,Ireland,52.985499,-9.111454,I2a_Y,I2a1a1b1_Y,X2b_mt,X2b+226_mt,3516,3359,3437.5
PB2031,CassidyNature2020,Ireland_MN,Ireland_Clare_Parknabinnia,Ireland,52.985499,-9.111454,I2a_Y,I2a1a1b1_Y,K1a_mt,K1a2b_mt,3628,3373,3500.5
PB443,CassidyNature2020,Ireland_MN,Ireland_Clare_Parknabinnia,Ireland,52.985499,-9.111454,I2a_Y,I2a1a2a1a_Y,K1b_mt,K1b1a1_mt,3634,3378,3506
PB581,CassidyNature2020,Ireland_MN,Ireland_Clare_Parknabinnia,Ireland,52.985499,-9.111454,I2a_Y,I2a1b1a1a1b_Y,T2b_mt,T2b_mt,3625,3363,3494
PB672,CassidyNature2020,Ireland_MN,Ireland_Clare_Parknabinnia,Ireland,52.985499,-9.111454,I2a_Y,I2a1a1b1_Y,T2c_mt,T2c1d+152_mt,3628,3376,3502
PB675,CassidyNature2020,Ireland_MN,Ireland_Clare_Parknabinnia,Ireland,52.985499,-9.111454,I2a_Y,I2a1a1b1_Y,H1_mt,H1_mt,3362,3102,3232
PB768,CassidyNature2020,Ireland_MN,Ireland_Clare_Parknabinnia,Ireland,52.985499,-9.111454,I2a_Y,I2a1a1b1_Y,H4a_mt,H4a1a1_mt,3639,3376,3507.5
PN02,CassidyNature2020,Ireland_EN_MN,Ireland_Clare_Poulnabrone,Ireland,53.04866,-9.140049,I2a_Y,I2a1b1a1a1_Y,U5b_mt,U5b1c1_mt,3706,3521,3613.5
PN03,CassidyNature2020,Ireland_MN,Ireland_Clare_Poulnabrone,Ireland,53.04866,-9.140049,I2a_Y,I2a1b1a1a1_Y,K1a_mt,K1a1_mt,3633,3376,3504.5
PN04,CassidyNature2020,Ireland_EN,Ireland_Clare_Poulnabrone,Ireland,53.04866,-9.140049,I2a_Y,I2a1b1a1a1b_Y,H1+_mt,H1+16189_mt,3946,3653,3799.5
PN05,CassidyNature2020,Ireland_EN,Ireland_Clare_Poulnabrone,Ireland,53.04866,-9.140049,I2a_Y,I2a1b1a1a1_Y,K1a_mt,K1a+195_mt,3944,3651,3797.5
PN06,CassidyNature2020,Ireland_MN,Ireland_Clare_Poulnabrone,Ireland,53.04866,-9.140049,I2a_Y,I2a1a1b1_Y,H_mt,H_mt,3633,3376,3504.5
PN07,CassidyNature2020,Ireland_MN,Ireland_Clare_Poulnabrone,Ireland,53.04866,-9.140049,I2a_Y,I2a1b1a1a1b_Y,U5b_mt,U5b1c_mt,3623,3371,3497
prs009,SanchezQuintoPNAS2019,Atlantic_farmers,Primrose_Grange,Ireland,54.2469,-8.55609,I2a_Y,I2a1b1a1a1b_Y,U5b_mt,U5b2c_mt,3500,3360,3430
prs010,SanchezQuintoPNAS2019,Atlantic_farmers,Primrose_Grange,Ireland,54.2469,-8.55609,I2a_Y,I2a1b1a1a_Y,K1a_mt,K1a+195_mt,3640,3518,3579
prs012,SanchezQuintoPNAS2019,Atlantic_farmers,Primrose_Grange,Ireland,54.2469,-8.55609,I2a_Y,I2a1b1a1a1b_Y,W1+_mt,W1+119_mt,3770,3650,3710
prs013,SanchezQuintoPNAS2019,Atlantic_farmers,Primrose_Grange,Ireland,54.2469,-8.55609,I2a_Y,I2a1b1a1a1b_Y,T2b_mt,T2b3c_mt,3630,3370,3500
prs016,SanchezQuintoPNAS2019,Atlantic_farmers,Primrose_Grange,Ireland,54.2469,-8.55609,I2a_Y,I2a1b1a1a1b_Y,K1a_mt,K1a4a1_mt,3690,3530,3610
prs017,SanchezQuintoPNAS2019,Atlantic_farmers,Primrose_Grange,Ireland,54.2469,-8.55609,I2a_Y,I2a1b1a1a_Y,K1a_mt,K1a+195_mt,3779,3647,3713
1H07,SeguinOrlandoCurrBio2021,France_MontAime_MLN,Marne_Mont-Aime_hypogee_I,France,48.858874,3.996466,I2a_Y,I2a1b1b_Y,J1c_mt,J1c5_mt,3338,3037,3187.5
1H13,SeguinOrlandoCurrBio2021,France_MontAime_MLN,Marne_Mont-Aime_hypogee_I,France,48.858874,3.996466,I2a_Y,I2a1b1b_Y,K1a_mt,K1a4a1_mt,3092,2921,3006.5
2H07,SeguinOrlandoCurrBio2021,France_MontAime_MLN,Marne_Mont-Aime_hypogee_II,France,48.858472,3.995887,H2a_Y,H2a1a_Y,K1a_mt,K1a4a1h_mt,3366,3104,3235
2H10,SeguinOrlandoCurrBio2021,France_MontAime_MLN,Marne_Mont-Aime_hypogee_II,France,48.858472,3.995887,I2a_Y,I2a1b1b1_Y,H3_mt,H3_mt,3341,3098,3219.5
2H11,SeguinOrlandoCurrBio2021,France_MontAime_MLN,Marne_Mont-Aime_hypogee_II,France,48.858472,3.995887,I2a_Y,I2a1a1b1a_Y,J1c_mt,J1c1_mt,3351,3102,3226.5
2H17,SeguinOrlandoCurrBio2021,France_MontAime_MLN,Marne_Mont-Aime_hypogee_II,France,48.858472,3.995887,I2a_Y,I2a1b1b_Y,U5b_mt,U5b1i_mt,3338,3031,3184.5
2HC51961131,SeguinOrlandoCurrBio2021,France_MontAime_MLN,Marne_Mont-Aime_hypogee_II,France,48.858472,3.995887,I2a_Y,I2a1b1b_Y,X2b_mt,X2b_mt,3357,3103,3230
I2369,LipsonNature2017,Hungary_LateC_Baden,Budakalasz_Luppa_csarda,Hungary,47.62094,19.04494,G2a_Y,G2a2b2a1a1c1a_Y,J2a_mt,J2a1a1_mt,3370,3101,3235.5
I2371,LipsonNature2017,Hungary_LateC_Baden,Alsonemedi,Hungary,47.31875,19.16692,G2a_Y,G2a2a2b3_Y,U5b_mt,U5b3f_mt,3361,3099,3230
I0056,LipsonNature2017,Germany_EN_LBK,Halberstadt_Sonntagsfeld,Germany,51.89583333,11.04666667,G2a_Y,G2a2a_Y,T2b_mt,T2b8_mt,5211,5002,5106.5
I1889,LipsonNature2017,Hungary_MN_Vinca,Szederkény-Kukorica-dülö,Hungary,45.5969,18.28247,G2a_Y,G2a2a1_Y,K1a_mt,K1a2_mt,5205,4848,5026.5
I2752,LipsonNature2017,Hungary_LateC_Baden,Balatonlelle_Felso_Gamasz,Hungary,46.78469,17.731714,I2a_Y,I2a1a1a1a2_Y,K1a_mt,K1a_mt,3600,2850,3202.5
I2753,LipsonNature2017,Hungary_LateC_Baden,Balatonlelle_Felso_Gamasz,Hungary,46.78469,17.731714,I2a_Y,I2a1a1a1a2_Y,U5a_mt,U5a1_mt,3333,2928,3130.5
I2783,LipsonNature2017,Hungary_Hunyadihalom_MCHA,Nemesnadudvar_Papfold,Hungary,46.334774,19.053945,C1a_Y,C1a2a_Y,T2b_mt,T2b23_mt,4228,3962,4095
I2788,LipsonNature2017,Hungary_LateC_Protoboleraz,Abony_Turjanyos_dulo,Hungary,47.189141,20.004795,G2a_Y,G2a2b2a_Y,H_mt,H_mt,3910,3644,3777
I2789,LipsonNature2017,Hungary_LateC_Protoboleraz,Abony_Turjanyos_dulo,Hungary,47.189141,20.004795,I2a_Y,I2a2b_Y,J1c_mt,J1c_mt,3800,3600,3200
I4971,LipsonNature2017,Hungary_EN_HG_Koros,Tiszaszolos_Domahaza,Hungary,47.559165,20.721246,I2a_Y,I2a1b_Y,K1_mt,K1_mt,5737,5538,5637.5
I2739,LipsonNature2017,Hungary_MN_LBK,Alsonyek_Bataszek,Hungary,46.208562,18.700047,G2a_Y,G2a2b2b1a1_Y,T2c_mt,T2c1+146_mt,5307,5069,5188
I2791,LipsonNature2017,Hungary_LateC_Protoboleraz,Abony_Turjanyos_dulo,Hungary,47.189141,20.004795,I2a_Y,I2a2a_Y,U5a_mt,U5a1c1_mt,3649,3516,3582.5
I2366,LipsonNature2017,Hungary_LateC_Baden,Budakalasz_Luppa_csarda,Hungary,47.62094,19.04494,G2a_Y,G2a2b2a1a1b_Y,H26_mt,H26a_mt,3340,2937,3138.5
I2367,LipsonNature2017,Hungary_LateC_Baden,Budakalasz_Luppa_csarda,Hungary,47.62094,19.04494,G2a_Y,G2a2b2a1_Y,HV_mt,HV+16311_mt,3333,2928,3130.5
I0659,LipsonNature2017,Germany_EN_LBK,Halberstadt_Sonntagsfeld,Germany,51.89583333,11.04666667,G2a_Y,G2a2a1_Y,N1a_mt,N1a1a1a2_mt,5210,4952,5081
I0048,LipsonNature2017,Germany_EN_LBK,Halberstadt_Sonntagsfeld,Germany,51.89583333,11.04666667,G2a_Y,G2a2a1_Y,K1a_mt,K1a+195_mt,5210,5003,5106.5
I0821,LipsonNature2017,Germany_EN_LBK,Halberstadt_Sonntagsfeld,Germany,51.89583333,11.04666667,G2a_Y,G2a2a_Y,X2d_mt,X2d_mt,5205,4847,5026.5
Es971,BrunelPNAS2020,France_HautsDeFrance_MN,Hauts_de_France_Escalles Mont_Hubert,France,50.91781,1.7131,I2a_Y,I2a1a2a_Y,K1a_mt,K1a+195_mt,4900,4200,4550
R6,AntonioGaoMootsScience2019,Italy_N,Grotta_Continenza,Italy,41.96,13.54,R1b_Y,R1b1b2a_Y,K1a_mt,K1a1_mt,5318,5084,5201
R9,AntonioGaoMootsScience2019,Italy_N,Grotta_Continenza,Italy,41.96,13.54,G2a_Y,G2a2a1a2b1b_Y,K1a_mt,K1a4a1_mt,5611,5479,5545
R17,AntonioGaoMootsScience2019,Italy_N,Ripabianca_di_Monterado,Italy,43.7223961,13.0338971,J2a_Y,J2a2a_Y,U8b_mt,U8b1b_mt,5323,5216,5269.5
