chry	18780556	A8846	A000-T	G->A	G	A	1	100	A	D
chry	17286125	A21338	A00-T	A->C	A	C	2	100	C	D
chry	15467231	A21739	A00-T	A->G	A	G	1	100	G	D
chry	21988588	A21348	A00-T	A->G	A	G	1	100	G	D
chry	8438184	A21507	A00-T	A->G	A	G	1	100	G	D
chry	19080461	A21538	A00-T	C->A	C	A	1	100	A	D
chry	16254215	A21521	A00-T	C->G	C	G	1	100	G	D
chry	16544138	A21523	A00-T	C->G	C	G	1	100	G	D
chry	23974816	A21560	A00-T	C->G	C	G	1	100	G	D
chry	17552685	A8844	A00-T~	C->G	C	G	2	100	G	D
chry	21297986	A21346	A00-T	C->T	C	T	1	100	T	D
chry	21333111	A21347	A00-T	C->T	C	T	1	100	T	D
chry	22144606	A21550	A00-T	C->T	C	T	1	100	T	D
chry	23352212	A21557	A00-T	C->T	C	T	1	100	T	D
chry	23958217	A21559	A00-T	C->T	C	T	1	100	T	D
chry	7194612	A21501	A00-T	G->A	G	A	1	100	A	D
chry	8183705	A21506	A00-T	G->A	G	A	1	100	A	D
chry	22788265	A21554	A00-T	G->C	G	C	1	100	C	D
chry	8837660	A21509	A00-T	G->C	G	C	1	100	C	D
chry	9095130	A21510	A00-T	G->C	G	C	1	100	C	D
chry	15521974	A21336	A00-T	T->A	T	A	1	100	A	D
chry	16787966	A21337	A00-T	T->A	T	A	2	100	A	D
chry	21902151	A8851	A00-T~	T->C	T	C	1	100	C	D
chry	7261033	A21502	A00-T	T->C	T	C	1	100	C	D
chry	19240029	A21539	A00-T	T->C	T	C	2	100	C	D
chry	15238264	A21333	A00-T	T->G	T	G	1	100	G	D
chry	19023408	A21535	A00-T	T->G	T	G	1	100	G	D
chry	18914286	L1136	A0-T	A->G	A	G	2	100	G	D
chry	21739790	L1145	A0-T	C->T	C	T	1	100	T	D
chry	16596846	L1129	A0-T	T->C	T	C	1	100	C	D
chry	2710154	P305	A1	A->G	A	G	1	100	G	D
chry	14394777	Z11918	A1b	A->C	C	A	1	100	A	D
chry	21217762	Z11913	A1b	C->T	T	C	1	100	C	D
chry	2990766	Z11911	A1b	C->T	T	C	1	100	C	D
chry	14774366	Z17894	A1b	T->C	C	T	1	100	T	D
chry	5249920	Z11898	A1b	T->C	C	T	1	100	T	D
chry	16243116	Z11919	A1b	T->C	C	T	3	100	T	D
chry	14726334	M9112	BT	A->C	A	C	1	100	C	D
chry	19306455	M9288	BT	A->C	A	C	1	100	C	D
chry	19445252	M9295	BT	A->C	A	C	1	100	C	D
chry	15147334	M9131	BT	A->G	A	G	1	100	G	D
chry	16686965	M9179	BT	A->G	A	G	1	100	G	D
chry	21326695	M9319	BT	A->G	A	G	1	100	G	D
chry	6865490	M8970	BT	A->G	A	G	1	100	G	D
chry	8180027	Z40388	BT	A->G	A	G	1	100	G	D
chry	7324963	M8986	BT	A->G	A	G	2	100	G	D
chry	21518721	M9328	BT	A->T	A	T	1	100	T	D
chry	14786996	M9116	BT	A->T	A	T	2	100	T	D
chry	14096790	M9081	BT	C->A	C	A	1	100	A	D
chry	15063698	M9124	BT	C->A	C	A	1	100	A	D
chry	17270785	M9204	BT	C->A	C	A	1	100	A	D
chry	21938158	M94	BT	C->A	C	A	1	100	A	D
chry	21975362	M9344	BT	C->A	C	A	1	100	A	D
chry	16207744	M9162	BT	C->G	C	G	1	100	G	D
chry	19118181	M9277	BT	C->G	C	G	1	100	G	D
chry	23240528	Z40412	BT	C->G	C	G	2	100	G	D
chry	7890655	M9003	BT	C->G	C	G	2	100	G	D
chry	14069414	M9079	BT	C->T	C	T	1	100	T	D
chry	14123744	M9087	BT	C->T	C	T	1	100	T	D
chry	17393971	M9215	BT	C->T	C	T	1	100	T	D
chry	18633816	M9261	BT	C->T	C	T	1	100	T	D
chry	19325165	M9290	BT	C->T	C	T	1	100	T	D
chry	21259569	M9311	BT	C->T	C	T	1	100	T	D
chry	21292327	M9316	BT	C->T	C	T	1	100	T	D
chry	22521638	Z17385	BT	C->T	C	T	1	100	T	D
chry	22625732	M9356	BT	C->T	C	T	1	100	T	D
chry	23010471	M9373	BT	C->T	C	T	1	100	T	D
chry	24509299	Z17389	BT	C->T	C	T	1	100	T	D
chry	6859691	M8969	BT	C->T	C	T	1	100	T	D
chry	7621889	M8993	BT	C->T	C	T	1	100	T	D
chry	9891742	M9066	BT	C->T	C	T	2	100	T	D
chry	17041558	M9193	BT	G->A	G	A	1	100	A	D
chry	17261013	M9202	BT	G->A	G	A	1	100	A	D
chry	17298439	M9209	BT	G->A	G	A	1	100	A	D
chry	17372321	M9213	BT	G->A	G	A	1	100	A	D
chry	17886479	M9237	BT	G->A	G	A	1	100	A	D
chry	18179224	M9253	BT	G->A	G	A	1	100	A	D
chry	18814791	M9263	BT	G->A	G	A	1	100	A	D
chry	21248962	Z40394	BT	G->A	G	A	1	100	A	D
chry	22866729	M9366	BT	G->A	G	A	1	100	A	D
chry	23448326	M9390	BT	G->A	G	A	1	100	A	D
chry	23991003	M9405	BT	G->A	G	A	1	100	A	D
chry	2712956	M8947	BT	G->A	G	A	1	100	A	D
chry	6691986	M8959	BT	G->A	G	A	1	100	A	D
chry	6932831	L413	BT	G->A	G	A	1	100	A	D
chry	8594070	Z40389	BT	G->A	G	A	1	100	A	D
chry	8869241	M9041	BT	G->A	G	A	1	100	A	D
chry	18113973	M9248	BT	G->A	G	A	2	100	A	D
chry	18133150	M9249	BT	G->C	G	C	1	100	C	D
chry	23609441	M9396	BT	G->C	G	C	1	100	C	D
chry	8729512	M9038	BT	G->C	G	C	1	100	C	D
chry	22178817	L440	BT	G->T	G	T	1	100	T	D
chry	15451147	M9139	BT	T->A	T	A	1	100	A	D
chry	18053867	M9244	BT	T->A	T	A	1	100	A	D
chry	21492793	M9327	BT	T->A	T	A	1	100	A	D
chry	23565114	M9394	BT	T->A	T	A	1	100	A	D
chry	7815370	M9000	BT	T->A	T	A	1	100	A	D
chry	14122034	M9086	BT	T->C	T	C	1	100	C	D
chry	15147332	M9130	BT	T->C	T	C	1	100	C	D
chry	15218792	Z40383	BT	T->C	T	C	1	100	C	D
chry	16608008	M9176	BT	T->C	T	C	1	100	C	D
chry	17728330	M9230	BT	T->C	T	C	1	100	C	D
chry	19233322	M9284	BT	T->C	T	C	1	100	C	D
chry	22730777	M9361	BT	T->C	T	C	1	100	C	D
chry	2756519	PF1403	BT	T->C	T	C	1	100	C	D
chry	28725413	M9425	BT	T->C	T	C	1	100	C	D
chry	6646548	M8958	BT	T->C	T	C	1	100	C	D
chry	15132194	M9129	BT	T->G	T	G	1	100	G	D
chry	18585407	M9255	BT	T->G	T	G	1	100	G	D
chry	18643546	M9262	BT	T->G	T	G	1	100	G	D
chry	10013596	F6549	C2a1a2a2a	C->T	C	T	1	100	T	D
chry	23058883	ACT1996	C2a1b	G->A	G	A	1	100	A	D
chry	16863259	CTS6376	CF	C->G	C	G	1	100	G	D
chry	17104433	M5712	CT	A->C	A	C	1	100	C	D
chry	14289530	M5657	CT	A->C	A	C	2	100	C	D
chry	7921525	M5616	CT	A->G	A	G	1	100	G	D
chry	17751557	CTS7936	CT	A->T	A	T	1	100	T	D
chry	23561669	M5822	CT	A->T	A	T	1	100	T	D
chry	17670046	M5726	CT	C->A	C	A	1	100	A	D
chry	18179043	M5747	CT	C->A	C	A	1	100	A	D
chry	19261216	CTS10110	CT	C->A	C	A	1	100	A	D
chry	19481868	M5771	CT	C->A	C	A	1	100	A	D
chry	24470911	M5826	CT	C->A	C	A	1	100	A	D
chry	14917660	CTS3431	CT	C->G	C	G	1	100	G	D
chry	15940056	M5686	CT	C->G	C	G	1	100	G	D
chry	14014443	M5647	CT	C->T	C	T	1	100	T	D
chry	14813991	M168	CT	C->T	C	T	1	100	T	D
chry	21674378	L970	CT	C->T	C	T	1	100	T	D
chry	23642375	Y1573	CT	C->T	C	T	1	100	T	D
chry	24443898	M5825	CT	C->T	C	T	1	100	T	D
chry	7729324	M5608	CT	C->T	C	T	1	100	T	D
chry	15097073	CTS3662	CT	G->A	G	A	1	100	A	D
chry	15750550	M5683	CT	G->A	G	A	1	100	A	D
chry	16770207	CTS6252	CT	G->A	G	A	1	100	A	D
chry	18592845	CTS8980	CT	G->A	G	A	1	100	A	D
chry	19132472	M5765	CT	G->A	G	A	1	100	A	D
chry	7970612	M5619	CT	G->A	G	A	1	100	A	D
chry	8066525	M5621	CT	G->A	G	A	1	100	A	D
chry	19167672	CTS9948	CT	G->C	G	C	1	100	C	D
chry	21281606	M5778	CT	G->C	G	C	1	100	C	D
chry	2744386	CTS125	CT	G->T	G	T	3	100	T	D
chry	14149520	M5652	CT	T->A	T	A	3	100	A	D
chry	14516781	M5661	CT	T->C	T	C	1	100	C	D
chry	18948988	M5756	CT	T->C	T	C	1	100	C	D
chry	19169483	PF970	CT	T->C	T	C	1	100	C	D
chry	24358251	Y1574	CT	T->C	T	C	1	100	C	D
chry	7008958	M5589	CT	T->C	T	C	1	100	C	D
chry	8262951	M5629	CT	T->C	T	C	1	100	C	D
chry	14172842	CTS2077	CT	T->G	T	G	1	100	G	D
chry	16493902	CTS5824	E1b1a1a1a2a1a3b1d1c1a3~	C->T	C	T	1	100	T	D
chry	8442341	F1209	F	A->G	A	G	1	100	G	D
chry	16839641	P316	F	A->T	A	T	1	100	T	D
chry	19205814	L470	F	A->T	A	T	1	100	T	D
chry	18097251	P159	F	C->A	C	A	1	100	A	D
chry	22156498	M3752	F	C->A	C	A	1	100	A	D
chry	8602415	P146	F	C->T	C	T	1	100	T	D
chry	6941218	P141	F	G->A	G	A	1	100	A	D
chry	9108252	P187	F	G->T	G	T	1	100	T	D
chry	22673903	F3335	F	T->G	T	G	1	100	G	D
chry	2733682	BY27991	G2a2b2a1a1b1a1a2a1d	A->G	A	G	1	100	G	D
chry	23971486	S26003	G2a2b2a1a1b	G->A	G	A	1	100	A	D
chry	15381739	Y4904	I2a1b1a1b1b1~	C->T	C	T	1	100	T	D
chry	7173143	L16	IJK	G->A	G	A	1	100	A	D
chry	9422419	Z7636	J2a1a1a2b2a1a	G->A	G	A	1	100	A	D
chry	23550924	M526	K2	A->C	A	C	1	100	C	D
chry	22529898	A22478	O1a1a1a1a1a1c3	C->T	C	T	1	100	T	D
chry	18388643	A17436	O2a2b2a2b1	G->A	G	A	1	100	A	D
chry	18028661	P282	P1	A->G	A	G	1	100	G	D
chry	21811108	L741	P1~	G->T	G	T	2	100	T	D
chry	18647146	M1240	P~	A->C	A	C	1	100	C	D
chry	9885733	M1199	P~	A->G	A	G	1	100	G	D
chry	22808370	CTS10859	P~	C->T	C	T	1	100	T	D
chry	8705980	M1193	P~	C->T	C	T	1	100	T	D
chry	9098922	F180	P~	C->T	C	T	1	100	T	D
chry	16331558	F332	P~	G->A	G	A	1	100	A	D
chry	21456883	M1257	P~	G->A	G	A	1	100	A	D
chry	21570974	M1260	P~	G->A	G	A	1	100	A	D
chry	22040221	M1265	P~	G->C	G	C	1	100	C	D
chry	9841700	F212	P~	G->C	G	C	1	100	C	D
chry	10035664	FGC285	P~	G->C	G	C	2	100	C	D
chry	17559652	CTS7604	P~	T->C	T	C	1	100	C	D
chry	7616820	Y2810	Q1b1a2a1b	G->A	G	A	1	100	A	D
chry	10007240	FGC12219	Q1b1a2a3a1a~	G->A	G	A	1	100	A	D
chry	8480735	A12478	Q2a1a1e1~	G->A	G	A	1	100	A	D
chry	14674176	CTS3123	R1	A->C	A	C	1	100	C	D
chry	15026424	M173	R1	A->C	A	C	1	100	C	D
chry	21447844	PF6501	R1b1a1	A->T	A	T	1	100	T	D
chry	17589518	CTS7650	R1b1a1b1a1	C->T	C	T	1	100	T	D
chry	14641193	L52	R1b1a1b1a1	C->T	C	T	2	100	T	D
chry	8411202	PF6434	R1b1a1b	A->G	A	G	1	100	G	D
chry	8667179	PF6435	R1b1a1b	A->G	A	G	1	100	G	D
chry	18180446	L500	R1b1a1b	C->A	C	A	1	100	A	D
chry	17594966	CTS7659	R1b1a1b	C->G	C	G	1	100	G	D
chry	21222868	PF6497	R1b1a1b	C->G	C	G	1	100	G	D
chry	23085375	CTS11371	R1b1a1b	C->G	C	G	1	100	G	D
chry	15037433	CTS3575	R1b1a1b	C->G	C	G	2	100	G	D
chry	7306539	CTS1274	R1b1a1b	C->G	C	G	2	100	G	D
chry	17932763	CTS8321	R1b1a1b	C->T	C	T	1	100	T	D
chry	21581064	PF6503	R1b1a1b	C->T	C	T	1	100	T	D
chry	24444622	L1351	R1b1a1b	C->T	C	T	1	100	T	D
chry	2668456	PF6399	R1b1a1b	C->T	C	T	1	100	T	D
chry	8826595	PF6436	R1b1a1b	C->T	C	T	1	100	T	D
chry	9392948	PF6437	R1b1a1b	C->T	C	T	1	100	T	D
chry	13887941	L407	R1b1a1b	G->A	G	A	1	100	A	D
chry	14136291	PF6452	R1b1a1b	G->A	G	A	1	100	A	D
chry	14317555	CTS2466	R1b1a1b	G->A	G	A	1	100	A	D
chry	14416216	CTS2664	R1b1a1b	G->A	G	A	1	100	A	D
chry	24394612	PF6527	R1b1a1b	G->A	G	A	2	100	A	D
chry	23476936	PF6525	R1b1a1b	G->T	G	T	1	100	T	D
chry	14079811	L762	R1b1a1b	T->A	T	A	1	100	A	D
chry	18137831	CTS8665	R1b1a1b	T->C	T	C	1	100	C	D
chry	7766712	PF6426	R1b1a1b	T->C	T	C	1	100	C	D
chry	21761275	PF6504	R1b1a1b	T->G	T	G	1	100	G	D
chry	7759944	FGC57	R1b1a1	G->A	G	A	1	100	A	D
chry	15239181	CTS3876	R1b1a1	G->C	G	C	1	100	C	D
chry	15286480	PF6459	R1b1a1	G->C	G	C	1	100	C	D
chry	21558298	L1345	R1b1	G->T	G	T	1	100	T	D
chry	14226692	CTS2229	R1b	T->A	T	A	1	100	A	D
chry	22722580	L1349	R1b	T->C	T	C	1	100	C	D
chry	23845409	PF6270	R1b	T->C	T	C	1	100	C	D
chry	14205302	F245	R1	C->A	C	A	1	100	A	D
chry	22750583	M306	R1	C->A	C	A	1	100	A	D
chry	14366723	CTS2565	R1	C->T	C	T	1	100	T	D
chry	19045552	M748	R1	C->T	C	T	1	100	T	D
chry	7647357	P242	R1	G->A	G	A	1	100	A	D
chry	7771131	P238	R1	G->A	G	A	1	100	A	D
chry	15590342	P225	R1	G->T	G	T	2	100	T	D
chry	21219443	M760	R	A->G	A	G	1	100	G	D
chry	22687547	CTS10663	R	A->T	A	T	1	100	T	D
chry	17930099	CTS8311	R	C->A	C	A	1	100	A	D
chry	15078469	CTS3622	R	C->G	C	G	1	100	G	D
chry	17285993	P224	R	C->T	C	T	1	100	T	D
chry	22818334	L1347	R	C->T	C	T	1	100	T	D
chry	7177189	F63	R	G->A	G	A	1	100	A	D
chry	7133986	M613	R	G->C	G	C	1	100	C	D
chry	17144696	PH2861	T2	G->A	G	A	1	100	A	D
