ans016_I2a1a2a,I2a1a2a1,3,2
ans016_I2a1a2a,I2a1a2a2,12,2
BurnGround_I2a1b1a1a1b,I2a1b1a1a1b3,6,3
BurnGround_I2a1b1a1a1b,I2a1b1a1a1b1,2,3
BurnGround_I2a1b1a1a1b,I2a1b1a1a1b2,12,3
car004_I2a1b1a,I2a1b1a1,2,2
car004_I2a1b1a,I2a1b1a2,3,2
CarsingtonPasture3_I2a1b1a1a1~,I2a1b1a1a1b,39,4
CarsingtonPasture3_I2a1b1a1a1~,I2a1b1a1a1a~,18,4
CarsingtonPasture3_I2a1b1a1a1~,I2a1b1a1a1b~,2,4
CarsingtonPasture3_I2a1b1a1a1~,I2a1b1a1a1a,18,4
CaveHa3_I2a1b1a1a1~,I2a1b1a1a1b,39,4
CaveHa3_I2a1b1a1a1~,I2a1b1a1a1a~,18,4
CaveHa3_I2a1b1a1a1~,I2a1b1a1a1b~,2,4
CaveHa3_I2a1b1a1a1~,I2a1b1a1a1a,18,4
CheddarMan_I2a1b2,I2a1b2a,60,1
Coldrum1_I2a1b1a1a1~,I2a1b1a1a1b,39,4
Coldrum1_I2a1b1a1a1~,I2a1b1a1a1a~,18,4
Coldrum1_I2a1b1a1a1~,I2a1b1a1a1b~,2,4
Coldrum1_I2a1b1a1a1~,I2a1b1a1a1a,18,4
FusselsLodge2_I2a1b1a1a1~,I2a1b1a1a1b,39,4
FusselsLodge2_I2a1b1a1a1~,I2a1b1a1a1a~,18,4
FusselsLodge2_I2a1b1a1a1~,I2a1b1a1a1b~,2,4
FusselsLodge2_I2a1b1a1a1~,I2a1b1a1a1a,18,4
I0518_I2,I2b,86,3
I0518_I2,I2a,24,3
I0518_I2,I2b~,8,3
I0519_I2a1a2,I2a1a2b,55,2
I0519_I2a1a2,I2a1a2a,66,2
I0520_I2,I2b,86,3
I0520_I2,I2a,24,3
I0520_I2,I2b~,8,3
I2606_I2a1b1a1a1~,I2a1b1a1a1b,39,4
I2606_I2a1b1a1a1~,I2a1b1a1a1a~,18,4
I2606_I2a1b1a1a1~,I2a1b1a1a1b~,2,4
I2606_I2a1b1a1a1~,I2a1b1a1a1a,18,4
I2630_I2a1a2a,I2a1a2a1,3,2
I2630_I2a1a2a,I2a1a2a2,12,2
I2634_I2a1a2,I2a1a2b,55,2
I2634_I2a1a2,I2a1a2a,66,2
I2635_I2a1a2a,I2a1a2a1,3,2
I2635_I2a1a2a,I2a1a2a2,12,2
I2637_I2a1a2a,I2a1a2a1,3,2
I2637_I2a1a2a,I2a1a2a2,12,2
I2657_I2a1b1a1a1~,I2a1b1a1a1b,39,4
I2657_I2a1b1a1a1~,I2a1b1a1a1a~,18,4
I2657_I2a1b1a1a1~,I2a1b1a1a1b~,2,4
I2657_I2a1b1a1a1~,I2a1b1a1a1a,18,4
I2660_I2a1b1a1a1~,I2a1b1a1a1b,39,4
I2660_I2a1b1a1a1~,I2a1b1a1a1a~,18,4
I2660_I2a1b1a1a1~,I2a1b1a1a1b~,2,4
I2660_I2a1b1a1a1~,I2a1b1a1a1a,18,4
I2691_I2a1b1a1a~,I2a1b1a1a2~,3,3
I2691_I2a1b1a1a~,I2a1b1a1a1~,19,3
I2691_I2a1b1a1a~,I2a1b1a1a1,1,3
I2932_I2a1a2a,I2a1a2a1,3,2
I2932_I2a1a2a,I2a1a2a2,12,2
I2933_I2a1b1a1a1b,I2a1b1a1a1b3,6,3
I2933_I2a1b1a1a1b,I2a1b1a1a1b1,2,3
I2933_I2a1b1a1a1b,I2a1b1a1a1b2,12,3
I2935_I2a1a2a,I2a1a2a1,3,2
I2935_I2a1a2a,I2a1a2a2,12,2
I2977_I2a1b2,I2a1b2a,60,1
I2978_I2a1a2a,I2a1a2a1,3,2
I2978_I2a1a2a,I2a1a2a2,12,2
I2979_I2a1a2a,I2a1a2a1,3,2
I2979_I2a1a2a,I2a1a2a2,12,2
I3133_I2a1a2a,I2a1a2a1,3,2
I3133_I2a1a2a,I2a1a2a2,12,2
I3134_I2a1b1a1a1~,I2a1b1a1a1b,39,4
I3134_I2a1b1a1a1~,I2a1b1a1a1a~,18,4
I3134_I2a1b1a1a1~,I2a1b1a1a1b~,2,4
I3134_I2a1b1a1a1~,I2a1b1a1a1a,18,4
I3135_I2a1b1a1a1~,I2a1b1a1a1b,39,4
I3135_I2a1b1a1a1~,I2a1b1a1a1a~,18,4
I3135_I2a1b1a1a1~,I2a1b1a1a1b~,2,4
I3135_I2a1b1a1a1~,I2a1b1a1a1a,18,4
I4949_I2a1b1a1a~,I2a1b1a1a2~,3,3
I4949_I2a1b1a1a~,I2a1b1a1a1~,19,3
I4949_I2a1b1a1a~,I2a1b1a1a1,1,3
I7554_I2a1a2a,I2a1a2a1,3,2
I7554_I2a1a2a,I2a1a2a2,12,2
JubileeCave_I2a1b1a1a1b,I2a1b1a1a1b3,6,3
JubileeCave_I2a1b1a1a1b,I2a1b1a1a1b1,2,3
JubileeCave_I2a1b1a1a1b,I2a1b1a1a1b2,12,3
KD006_I2a1a2a1a2,I2a1a2a1a2b,7,2
KD006_I2a1a2a1a2,I2a1a2a1a2a,1,2
KD047_I2a1a2a1a2,I2a1a2a1a2b,7,2
KD047_I2a1a2a1a2,I2a1a2a1a2a,1,2
KD057_I2a1a2a,I2a1a2a1,3,2
KD057_I2a1a2a,I2a1a2a2,12,2
KD059_I2a1a2a1a2_I2a,I2a1a2a1a2b,7,2
KD059_I2a1a2a1a2_I2a,I2a1a2a1a2a,1,2
KD060_I2a1a2a,I2a1a2a1,3,2
KD060_I2a1a2a,I2a1a2a2,12,2
KD064_I2a1a2a1a2a,I2a1a2a1a2a1,2,1
KD049_I2a1a2a1a2a,I2a1a2a1a2a1,2,1
KD045_I2a1a2,I2a1a2b,55,2
KD045_I2a1a2,I2a1a2a,66,2
KD026_I2a1b2,I2a1b2a,60,1
KelcoCave_I2a1a2a1a2,I2a1a2a1a2b,7,2
KelcoCave_I2a1a2a1a2,I2a1a2a1a2a,1,2
lai001_I2a1a2a,I2a1a2a1,3,2
lai001_I2a1a2a,I2a1a2a2,12,2
mid002_I2a1a2a1a2a,I2a1a2a1a2a1,2,1
OgofyYrYchen1_I2a1b1~,I2a1b1b,3,4
OgofyYrYchen1_I2a1b1~,I2a1b1a~,5,4
OgofyYrYchen1_I2a1b1~,I2a1b1b~,29,4
OgofyYrYchen1_I2a1b1~,I2a1b1a,2,4
prs003_I2a1b1a1a~,I2a1b1a1a2~,3,3
prs003_I2a1b1a1a~,I2a1b1a1a1~,19,3
prs003_I2a1b1a1a~,I2a1b1a1a1,1,3
prs009_I2a1b1a1a1,I2a1b1a1a1b,39,4
prs009_I2a1b1a1a1,I2a1b1a1a1a~,18,4
prs009_I2a1b1a1a1,I2a1b1a1a1b~,2,4
prs009_I2a1b1a1a1,I2a1b1a1a1a,18,4
prs010_I2a1b1a1a~,I2a1b1a1a2~,3,3
prs010_I2a1b1a1a~,I2a1b1a1a1~,19,3
prs010_I2a1b1a1a~,I2a1b1a1a1,1,3
prs012_I2a1b1a1a1b,I2a1b1a1a1b3,6,3
prs012_I2a1b1a1a1b,I2a1b1a1a1b1,2,3
prs012_I2a1b1a1a1b,I2a1b1a1a1b2,12,3
prs013_I2a1b1a1a1~,I2a1b1a1a1b,39,4
prs013_I2a1b1a1a1~,I2a1b1a1a1a~,18,4
prs013_I2a1b1a1a1~,I2a1b1a1a1b~,2,4
prs013_I2a1b1a1a1~,I2a1b1a1a1a,18,4
prs016_I2a1b1a1a1~,I2a1b1a1a1b,39,4
prs016_I2a1b1a1a1~,I2a1b1a1a1a~,18,4
prs016_I2a1b1a1a1~,I2a1b1a1a1b~,2,4
prs016_I2a1b1a1a1~,I2a1b1a1a1a,18,4
prs017_I2a1b1a1a~,I2a1b1a1a2~,3,3
prs017_I2a1b1a1a~,I2a1b1a1a1~,19,3
prs017_I2a1b1a1a~,I2a1b1a1a1,1,3
prs018_I2a1a2~,I2a1a2b,55,2
prs018_I2a1a2~,I2a1a2a,66,2
Raschoille1_I2a1b1a1a1~,I2a1b1a1a1b,39,4
Raschoille1_I2a1b1a1a1~,I2a1b1a1a1a~,18,4
Raschoille1_I2a1b1a1a1~,I2a1b1a1a1b~,2,4
Raschoille1_I2a1b1a1a1~,I2a1b1a1a1a,18,4
Tinkinswood1_I2a1b1a1a1~,I2a1b1a1a1b,39,4
Tinkinswood1_I2a1b1a1a1~,I2a1b1a1a1a~,18,4
Tinkinswood1_I2a1b1a1a1~,I2a1b1a1a1b~,2,4
Tinkinswood1_I2a1b1a1a1~,I2a1b1a1a1a,18,4
UpperSwell_I2a1b1a1a1b,I2a1b1a1a1b3,6,3
UpperSwell_I2a1b1a1a1b,I2a1b1a1a1b1,2,3
UpperSwell_I2a1b1a1a1b,I2a1b1a1a1b2,12,3
Whitehawk2_I2a1b1,I2a1b1b,3,4
Whitehawk2_I2a1b1,I2a1b1a~,5,4
Whitehawk2_I2a1b1,I2a1b1b~,29,4
Whitehawk2_I2a1b1,I2a1b1a,2,4
